lcid	locale	int_curr_symbol	currency_symbol	mon_decimal_point	mon_thousands_sep	mon_grouping	positive_sign	negative_sign	int_frac_digits	frac_digits	p_cs_precedes	p_sep_by_space	n_cs_precedes	n_sep_by_space	p_sign_posn	n_sign_posn	decimal_point	thousands_sep	grouping
0x0001	ar	SAR	ر.س.‏	.	,	[3, 0]		-	2	2	0	1	0	1	1	1	.	,	[3, 0]
0x0002	bg	BGN	лв.	,	 	[3, 0]		-	2	2	0	1	0	1	1	1	,	 	[3, 0]
0x0003	ca	EUR	€	,	.	[3, 0]		-	2	2	0	1	0	1	1	1	,	.	[3, 0]
0x0004	zh-Hans	CNY	￥	.	,	[3, 0]		-	2	2	1	0	1	0	4	4	.	,	[3, 0]
0x0005	cs	CZK	Kč	,	 	[3, 0]		-	2	2	0	1	0	1	1	1	,	 	[3, 0]
0x0006	da	DKK	kr.	,	.	[3, 0]		-	2	2	0	1	0	1	1	1	,	.	[3, 0]
0x0007	de	EUR	€	,	.	[3, 0]		-	2	2	0	1	0	1	1	1	,	.	[3, 0]
0x0008	el	EUR	€	,	.	[3, 0]		-	2	2	0	1	0	1	1	1	,	.	[3, 0]
0x0009	en	USD	$	.	,	[3, 0]		-	2	2	1	0	1	0	3	0	.	,	[3, 0]
0x000A	es	EUR	€	,	.	[3, 0]		-	2	2	0	1	0	1	1	1	,	.	[3, 0]
0x000B	fi	EUR	€	,	 	[3, 0]		-	2	2	0	1	0	1	1	1	,	 	[3, 0]
0x000C	fr	EUR	€	,	 	[3, 0]		-	2	2	0	1	0	1	1	1	,	 	[3, 0]
0x000D	he	ILS	₪	.	,	[3, 0]		-	2	2	1	1	1	0	4	4	.	,	[3, 0]
0x000E	hu	HUF	Ft	,	 	[3, 0]		-	2	2	0	1	0	1	1	1	,	 	[3, 0]
0x000F	is	ISK	kr	,	.	[3, 0]		-	0	0	0	1	0	1	1	1	,	.	[3, 0]
0x0010	it	EUR	€	,	.	[3, 0]		-	2	2	0	1	0	1	1	1	,	.	[3, 0]
0x0011	ja	JPY	\	.	,	[3, 0]		-	0	0	1	0	1	0	3	3	.	,	[3, 0]
0x0012	ko	KRW	\	.	,	[3, 0]		-	0	0	1	0	1	0	3	3	.	,	[3, 0]
0x0013	nl	EUR	€	,	.	[3, 0]		-	2	2	1	1	1	1	4	4	,	.	[3, 0]
0x0014	no	NOK	kr	,	 	[3, 0]		-	2	2	1	1	1	1	3	3	,	 	[3, 0]
0x0015	pl	PLN	zł	,	 	[3, 0]		-	2	2	0	1	0	1	1	1	,	 	[3, 0]
0x0016	pt	BRL	R$	,	.	[3, 0]		-	2	2	1	1	1	1	3	3	,	.	[3, 0]
0x0017	rm	CHF	CHF	.	’	[3, 0]		-	2	2	0	1	0	1	1	1	.	’	[3, 0]
0x0018	ro	RON	lei	,	.	[3, 0]		-	2	2	0	1	0	1	1	1	,	.	[3, 0]
0x0019	ru	RUB	?	,	 	[3, 0]		-	2	2	0	1	0	1	1	1	,	 	[3, 0]
0x001A	hr	HRK	kn	,	.	[3, 0]		-	2	2	0	1	0	1	1	1	,	.	[3, 0]
0x001B	sk	EUR	€	,	 	[3, 0]		-	2	2	0	1	0	1	1	1	,	 	[3, 0]
0x001C	sq	ALL	Lekë	,	 	[3, 0]		-	0	0	0	1	0	1	1	1	,	 	[3, 0]
0x001D	sv	SEK	kr	,	 	[3, 0]		-	2	2	0	1	0	1	1	1	,	 	[3, 0]
0x001E	th	THB	฿	.	,	[3, 0]		-	2	2	1	0	1	0	3	3	.	,	[3, 0]
0x001F	tr	TRY	?	,	.	[3, 0]		-	2	2	1	0	1	0	3	3	,	.	[3, 0]
0x0020	ur	PKR	Rs	.	,	[3, 0]		-	2	2	1	1	1	1	3	3	.	,	[3, 0]
0x0021	id	IDR	Rp	,	.	[3, 0]		-	0	0	1	0	1	0	3	3	,	.	[3, 0]
0x0022	uk	GBP	£	.	,	[3, 0]		-	2	2	1	0	1	0	3	3	.	,	[3, 0]
0x0023	be	BYN	Br	,	 	[3, 0]		-	2	2	0	1	0	1	1	1	,	 	[3, 0]
0x0024	sl	EUR	€	,	.	[3, 0]		-	2	2	0	1	0	1	1	1	,	.	[3, 0]
0x0025	et	EUR	€	,	 	[3, 0]		-	2	2	0	1	0	1	1	1	,	 	[3, 0]
0x0026	lv	EUR	€	,	 	[3, 0]		-	2	2	0	1	0	1	1	1	,	 	[3, 0]
0x0027	lt	EUR	€	,	 	[3, 0]		-	2	2	0	1	0	1	1	1	,	 	[3, 0]
0x0028	tg	TJS	смн	,	 	[3, 0]		-	2	2	0	1	0	1	1	1	,	 	[3, 0]
0x0029	fa	IRR	ريال	/	,	[3, 0]		-	2	2	0	0	0	0	3	3	/	,	[3, 0]
0x002A	vi	VND	₫	,	.	[3, 0]		-	2	2	0	1	0	1	1	1	,	.	[3, 0]
0x002B	hy	AMD	֏	.	,	[3, 0]		-	2	2	0	1	0	1	1	1	.	,	[3, 0]
0x002C	az	AZN	?	,	.	[3, 0]		-	2	2	1	1	1	1	3	3	,	.	[3, 0]
0x002D	eu	EUR	€	,	.	[3, 0]		-	2	2	0	1	0	1	1	1	,	.	[3, 0]
0x002E	hsb	EUR	€	,	.	[3, 0]		-	2	2	0	1	0	1	1	1	,	.	[3, 0]
0x002F	mk	MKD	ден	,	.	[3, 0]		-	2	2	0	1	0	1	1	1	,	.	[3, 0]
0x0030	st	ZAR	R	,	 	[3, 0]		-	2	2	1	0	1	0	3	3	,	 	[3, 0]
0x0031	ts	ZAR	R	,	 	[3, 0]		-	2	2	1	1	1	1	3	3	,	 	[3, 0]
0x0032	tn	ZAR	R	.	 	[3, 0]		-	2	2	1	0	1	0	3	3	.	 	[3, 0]
0x0033	ve	ZAR	R	,	 	[3, 0]		-	2	2	1	0	1	0	3	3	,	 	[3, 0]
0x0034	xh	ZAR	R	.	 	[3, 0]		-	2	2	1	0	1	0	3	3	.	 	[3, 0]
0x0035	zu	ZAR	R	.	,	[3, 0]		-	2	2	1	0	1	0	3	3	.	,	[3, 0]
0x0036	af	ZAR	R	,	 	[3, 0]		-	2	2	1	0	1	0	3	3	,	 	[3, 0]
0x0037	ka	GEL	₾	,	 	[3, 0]		-	2	2	0	1	0	1	1	1	,	 	[3, 0]
0x0038	fo	DKK	kr	,	.	[3, 0]		-	2	2	0	1	0	1	1	1	,	.	[3, 0]
0x0039	hi	INR	₹	.	,	[3, 2, 0]		-	2	2	1	0	1	1	4	4	.	,	[3, 2, 0]
0x003A	mt	EUR	€	.	,	[3, 0]		-	2	2	1	0	1	0	3	3	.	,	[3, 0]
0x003B	se	NOK	kr	,	 	[3, 0]		-	2	2	0	1	0	1	1	1	,	 	[3, 0]
0x003C	ga	EUR	€	.	,	[3, 0]		-	2	2	1	0	1	0	3	3	.	,	[3, 0]
0x003E	ms	MYR	RM	.	,	[3, 0]		-	2	2	1	0	1	0	3	3	.	,	[3, 0]
0x003F	kk	KZT	₸	,	 	[3, 0]		-	2	2	0	1	0	1	1	1	,	 	[3, 0]
0x0040	ky	KGS	сом	,	 	[3, 0]		-	2	2	0	1	0	1	1	1	,	 	[3, 0]
0x0041	sw	KES	Ksh	.	,	[3, 0]		-	2	2	1	0	1	0	3	3	.	,	[3, 0]
0x0042	tk	TMT	m.	,	 	[3, 0]		-	2	2	0	0	0	0	1	1	,	 	[3, 0]
0x0043	uz	UZS	so‘m	,	 	[3, 0]		-	0	0	0	1	0	1	1	1	,	 	[3, 0]
0x0044	tt	RUB	?	,	 	[3, 0]		-	2	2	0	1	0	1	1	1	,	 	[3, 0]
0x0045	bn	BDT	৳	.	,	[3, 2, 0]		-	2	2	0	0	0	0	1	1	.	,	[3, 2, 0]
0x0046	pa	INR	₹	.	,	[3, 2, 0]		-	2	2	1	1	1	1	4	4	.	,	[3, 2, 0]
0x0047	gu	INR	₹	.	,	[3, 2, 0]		-	2	2	1	0	1	1	4	4	.	,	[3, 2, 0]
0x0048	or	INR	₹	.	,	[3, 2, 0]		-	2	2	1	1	1	1	4	4	.	,	[3, 2, 0]
0x0049	ta	INR	₹	.	,	[3, 2, 0]		-	2	2	1	1	1	1	4	4	.	,	[3, 2, 0]
0x004A	te	INR	₹	.	,	[3, 2, 0]		-	2	2	1	0	1	1	4	4	.	,	[3, 2, 0]
0x004B	kn	INR	₹	.	,	[3, 2, 0]		-	2	2	1	0	1	1	4	4	.	,	[3, 0]
0x004C	ml	INR	₹	.	,	[3, 0]		-	2	2	1	0	1	0	3	3	.	,	[3, 2, 0]
0x004D	as	INR	₹	.	,	[3, 2, 0]		-	2	2	1	1	1	1	4	4	.	,	[3, 2, 0]
0x004E	mr	INR	₹	`	,	[3, 2, 0]		-	2	2	1	0	1	1	4	4	.	,	[3, 2, 0]
0x004F	sa	INR	₹	.	,	[3, 2, 0]		-	2	2	1	1	1	1	4	4	.	,	[3, 2, 0]
0x0050	mn	MNT	?	.	,	[3, 0]		-	0	0	1	1	1	1	3	3	.	,	[3, 0]
0x0051	bo	CNY	¥	.	,	[3, 0]		-	2	2	1	0	1	0	4	4	.	,	[3, 0]
0x0052	cy	GBP	£	.	,	[3, 0]		-	2	2	1	0	1	0	3	3	.	,	[3, 0]
0x0053	km	KHR	៛	.	,	[3, 0]		-	2	2	0	0	0	0	1	1	.	,	[3, 0]
0x0054	lo	LAK	₭	,	.	[3, 0]		-	0	0	1	0	1	0	4	4	,	.	[3, 0]
0x0055	my	MMK	K	.	,	[3, 0]		-	0	0	0	1	0	1	1	1	.	,	[3, 0]
0x0056	gl	EUR	€	,	.	[3, 0]		-	2	2	0	1	0	1	1	1	,	.	[3, 0]
0x0057	kok	INR	₹	.	,	[3, 2, 0]		-	2	2	1	1	1	1	4	4	.	,	[3, 2, 0]
0x0059	sd	PKR	Rs	.	,	[3, 0]		-	2	2	1	1	1	1	3	3	.	,	[3, 0]
0x005A	syr	SYP	ܠ.ܣ.‏	.	,	[3, 0]		-	2	2	0	1	0	1	1	1	.	,	[3, 0]
0x005B	si	LKR	රු.	.	,	[3, 0]		-	2	2	1	0	1	0	3	3	.	,	[3, 0]
0x005C	chr	USD	$	.	,	[3, 0]		-	2	2	1	0	1	0	3	3	.	,	[3, 0]
0x005D	iu	CAD	$	.	,	[3, 0]		-	2	2	1	0	1	0	3	3	.	,	[3, 0]
0x005E	am	ETB	ብር	.	,	[3, 0]		-	2	2	1	0	1	0	3	3	.	,	[3, 0]
0x005F	tzm	MAD	ⴷⵔ	,	 	[3, 0]		-	2	2	0	1	0	1	1	1	,	 	[3, 0]
0x0060	ks	INR	₹	.	,	[3, 2, 0]		-	2	2	1	1	1	1	3	3	.	,	[3, 2, 0]
0x0061	ne	NPR	रु	.	,	[3, 0]		-	2	2	1	1	1	1	3	3	.	,	[3, 0]
0x0062	fy	EUR	€	,	.	[3, 0]		-	2	2	1	1	1	1	2	2	,	.	[3, 0]
0x0063	ps	AFN	؋	,	.	[3, 0]		-	0	0	0	1	0	1	1	1	,	.	[3, 0]
0x0064	fil	PHP	?	.	,	[3, 0]		-	2	2	1	0	1	0	3	3	.	,	[3, 0]
0x0065	dv	MVR	ރ.	.	,	[3, 0]		-	2	2	0	1	0	1	4	4	.	,	[3, 0]
0x0067	ff	XOF	CFA	,	 	[3, 0]		-	2	2	0	1	0	1	1	1	,	 	[3, 0]
0x0068	ha	NGN	?	.	,	[3, 0]		-	2	2	1	1	1	1	3	3	.	,	[3, 0]
0x006A	yo	NGN	?	.	,	[3, 0]		-	2	2	1	0	1	0	3	3	.	,	[3, 0]
0x006B	quz	BOB	Bs.	,	.	[3, 0]		-	2	2	1	1	1	1	3	0	,	.	[3, 0]
0x006C	nso	ZAR	R	.	 	[3, 0]		-	2	2	1	1	1	1	3	3	.	 	[3, 0]
0x006D	ba	RUB	?	,	 	[3, 0]		-	2	2	0	1	0	1	1	1	,	 	[3, 0]
0x006E	lb	EUR	€	,	 	[3, 0]		-	2	2	0	1	0	1	1	1	,	 	[3, 0]
0x006F	kl	DKK	kr.	,	.	[3, 0]		-	2	2	1	0	1	1	4	4	,	.	[3, 0]
0x0070	ig	NGN	?	.	,	[3, 0]		-	2	2	1	0	1	0	3	3	.	,	[3, 0]
0x0072	om	ETB	Br	.	,	[3, 0]		-	2	2	1	0	1	0	3	3	.	,	[3, 0]
0x0073	ti	ERN	Nfk	.	,	[3, 0]		-	2	2	1	0	1	0	3	3	.	,	[3, 0]
0x0074	gn	PYG	?	,	.	[3, 0]		-	0	0	0	1	0	1	1	1	,	.	[3, 0]
0x0075	haw	USD	$	.	,	[3, 0]		-	2	2	1	0	1	0	3	3	.	,	[3, 0]
0x0078	ii	CNY	¥	.	,	[3, 0]		-	2	2	1	0	1	0	4	4	.	,	[3, 0]
0x007A	arn	CLP	$	,	.	[3, 0]		-	2	2	1	1	1	1	3	3	,	.	[3, 0]
0x007C	moh	CAD	$	.	,	[3, 0]		-	2	2	1	0	1	0	3	3	.	,	[3, 0]
0x007E	br	EUR	€	,	 	[3, 0]		-	2	2	0	1	0	1	1	1	,	 	[3, 0]
0x0080	ug	CNY	¥	.	,	[3, 0]		-	2	2	1	0	1	0	4	4	.	,	[3, 0]
0x0081	mi	NZD	$	.	,	[3, 0]		-	2	2	1	0	1	0	3	3	.	,	[3, 0]
0x0082	oc	EUR	€	,	 	[3, 0]		-	2	2	0	1	0	1	1	1	,	 	[3, 0]
0x0083	co	EUR	€	,	 	[3, 0]		-	2	2	0	1	0	1	1	1	,	 	[3, 0]
0x0084	gsw	EUR	€	,	 	[3, 0]		-	2	2	0	1	0	1	1	1	,	 	[3, 0]
0x0085	sah	RUB	?	,	 	[3, 0]		-	2	2	0	1	0	1	1	1	,	 	[3, 0]
0x0086	qut	GTQ	Q	.	,	[3, 0]		-	2	2	1	0	1	0	3	3	.	,	[3, 0]
0x0087	rw	RWF	RF	,	.	[3, 0]		-	0	0	1	1	1	1	3	3	,	.	[3, 0]
0x0088	wo	XOF	CFA	,	 	[3, 0]		-	2	2	0	1	0	1	1	1	,	 	[3, 0]
0x008C	prs	AFN	?	.	,	[3, 0]		-	2	2	1	0	1	0	2	2	,	.	[3, 0]
0x0091	gd	GBP	£	.	,	[3, 0]		-	2	2	1	0	1	0	3	3	.	,	[3, 0]
0x0092	ku	IQD	د.ع.‏	.	,	[3, 0]		-	2	2	1	0	1	0	4	4	.	,	[3, 0]
0x0401	ar-SA	SAR	ر.س.‏	.	,	[3, 0]		-	2	2	0	1	0	1	1	1	.	,	[3, 0]
0x0402	bg-BG	BGN	лв.	,	 	[3, 0]		-	2	2	0	1	0	1	1	1	,	 	[3, 0]
0x0403	ca-ES	EUR	€	,	.	[3, 0]		-	2	2	0	1	0	1	1	1	,	.	[3, 0]
0x0404	zh-TW	TWD	NT$	.	,	[3, 0]		-	2	2	1	0	1	0	3	3	.	,	[3, 0]
0x0405	cs-CZ	CZK	Kč	,	 	[3, 0]		-	2	2	0	1	0	1	1	1	,	 	[3, 0]
0x0406	da-DK	DKK	kr.	,	.	[3, 0]		-	2	2	0	1	0	1	1	1	,	.	[3, 0]
0x0407	de-DE	EUR	€	,	.	[3, 0]		-	2	2	0	1	0	1	1	1	,	.	[3, 0]
0x0408	el-GR	EUR	€	,	.	[3, 0]		-	2	2	0	1	0	1	1	1	,	.	[3, 0]
0x0409	en-US	USD	$	.	,	[3, 0]		-	2	2	1	0	1	0	3	0	.	,	[3, 0]
0x040A	es-ES_tradnl	EUR	€	,	.	[3, 0]		-	2	2	0	1	0	1	1	1	,	.	[3, 0]
0x040B	fi-FI	EUR	€	,	 	[3, 0]		-	2	2	0	1	0	1	1	1	,	 	[3, 0]
0x040C	fr-FR	EUR	€	,	 	[3, 0]		-	2	2	0	1	0	1	1	1	,	 	[3, 0]
0x040D	he-IL	ILS	₪	.	,	[3, 0]		-	2	2	1	1	1	0	4	4	.	,	[3, 0]
0x040E	hu-HU	HUF	Ft	,	 	[3, 0]		-	2	2	0	1	0	1	1	1	,	 	[3, 0]
0x040F	is-IS	ISK	kr	,	.	[3, 0]		-	0	0	0	1	0	1	1	1	,	.	[3, 0]
0x0410	it-IT	EUR	€	,	.	[3, 0]		-	2	2	0	1	0	1	1	1	,	.	[3, 0]
0x0411	ja-JP	JPY	\	.	,	[3, 0]		-	0	0	1	0	1	0	3	3	.	,	[3, 0]
0x0412	ko-KR	KRW	\	.	,	[3, 0]		-	0	0	1	0	1	0	3	3	.	,	[3, 0]
0x0413	nl-NL	EUR	€	,	.	[3, 0]		-	2	2	1	1	1	1	4	4	,	.	[3, 0]
0x0414	nb-NO	NOK	kr	,	 	[3, 0]		-	2	2	1	1	1	1	3	3	,	 	[3, 0]
0x0415	pl-PL	PLN	zł	,	 	[3, 0]		-	2	2	0	1	0	1	1	1	,	 	[3, 0]
0x0416	pt-BR	BRL	R$	,	.	[3, 0]		-	2	2	1	1	1	1	3	3	,	.	[3, 0]
0x0417	rm-CH	CHF	CHF	.	’	[3, 0]		-	2	2	0	1	0	1	1	1	.	’	[3, 0]
0x0418	ro-RO	RON	lei	,	.	[3, 0]		-	2	2	0	1	0	1	1	1	,	.	[3, 0]
0x0419	ru-RU	RUB	?	,	 	[3, 0]		-	2	2	0	1	0	1	1	1	,	 	[3, 0]
0x041A	hr-HR	HRK	kn	,	.	[3, 0]		-	2	2	0	1	0	1	1	1	,	.	[3, 0]
0x041B	sk-SK	EUR	€	,	 	[3, 0]		-	2	2	0	1	0	1	1	1	,	 	[3, 0]
0x041C	sq-AL	ALL	Lekë	,	 	[3, 0]		-	0	0	0	1	0	1	1	1	,	 	[3, 0]
0x041D	sv-SE	SEK	kr	,	 	[3, 0]		-	2	2	0	1	0	1	1	1	,	 	[3, 0]
0x041E	th-TH	THB	฿	.	,	[3, 0]		-	2	2	1	0	1	0	3	3	.	,	[3, 0]
0x041F	tr-TR	TRY	?	,	.	[3, 0]		-	2	2	1	0	1	0	3	3	,	.	[3, 0]
0x0420	ur-PK	PKR	Rs	.	,	[3, 0]		-	2	2	1	1	1	1	3	3	.	,	[3, 0]
0x0421	id-ID	IDR	Rp	,	.	[3, 0]		-	0	0	1	0	1	0	3	3	,	.	[3, 0]
0x0422	uk-UA	UAH	?	,	 	[3, 0]		-	2	2	0	1	0	1	1	1	,	 	[3, 0]
0x0423	be-BY	BYN	Br	,	 	[3, 0]		-	2	2	0	1	0	1	1	1	,	 	[3, 0]
0x0424	sl-SI	EUR	€	,	.	[3, 0]		-	2	2	0	1	0	1	1	1	,	.	[3, 0]
0x0425	et-EE	EUR	€	,	 	[3, 0]		-	2	2	0	1	0	1	1	1	,	 	[3, 0]
0x0426	lv-LV	EUR	€	,	 	[3, 0]		-	2	2	0	1	0	1	1	1	,	 	[3, 0]
0x0427	lt-LT	EUR	€	,	 	[3, 0]		-	2	2	0	1	0	1	1	1	,	 	[3, 0]
0x0428	tg-Cyrl_TJ	TJS	смн	,	 	[3, 0]		-	2	2	0	1	0	1	1	1	,	 	[3, 0]
0x0429	fa-IR	IRR	ريال	/	,	[3, 0]		-	2	2	0	0	0	0	3	3	/	,	[3, 0]
0x042A	vi-VN	VND	₫	,	.	[3, 0]		-	2	2	0	1	0	1	1	1	,	.	[3, 0]
0x042B	hy-AM	AMD	֏	.	,	[3, 0]		-	2	2	0	1	0	1	1	1	.	,	[3, 0]
0x042C	az-Latn_AZ	AZN	₼	,	.	[3, 0]		-	2	2	1	1	1	1	3	3	,	.	[3, 0]
0x042D	eu-ES	EUR	€	,	.	[3, 0]		-	2	2	0	1	0	1	1	1	,	.	[3, 0]
0x042E	hsb-DE	EUR	€	,	.	[3, 0]		-	2	2	0	1	0	1	1	1	,	.	[3, 0]
0x042F	mk-MK	MKD	ден	,	.	[3, 0]		-	2	2	0	1	0	1	1	1	,	.	[3, 0]
0x0430	st-ZA	ZAR	R	,	 	[3, 0]		-	2	2	1	0	1	0	3	3	,	 	[3, 0]
0x0431	ts-ZA	ZAR	R	,	 	[3, 0]		-	2	2	1	1	1	1	3	3	,	 	[3, 0]
0x0432	tn-ZA	ZAR	R	.	 	[3, 0]		-	2	2	1	0	1	0	3	3	.	 	[3, 0]
0x0433	ve-ZA	ZAR	R	,	 	[3, 0]		-	2	2	1	0	1	0	3	3	,	 	[3, 0]
0x0434	xh-ZA	ZAR	R	.	 	[3, 0]		-	2	2	1	0	1	0	3	3	.	 	[3, 0]
0x0435	zu-ZA	ZAR	R	.	,	[3, 0]		-	2	2	1	0	1	0	3	3	.	,	[3, 0]
0x0436	af-ZA	ZAR	R	,	 	[3, 0]		-	2	2	1	0	1	0	3	3	,	 	[3, 0]
0x0437	ka-GE	GEL	₾	,	 	[3, 0]		-	2	2	0	1	0	1	1	1	,	 	[3, 0]
0x0438	fo-FO	DKK	kr	,	.	[3, 0]		-	2	2	0	1	0	1	1	1	,	.	[3, 0]
0x0439	hi-IN	INR	₹	.	,	[3, 2, 0]		-	2	2	1	0	1	1	4	4	.	,	[3, 2, 0]
0x043A	mt-MT	EUR	€	.	,	[3, 0]		-	2	2	1	0	1	0	3	3	.	,	[3, 0]
0x043B	se-NO	NOK	kr	,	 	[3, 0]		-	2	2	0	1	0	1	1	1	,	 	[3, 0]
0x043E	ms-MY	MYR	RM	.	,	[3, 0]		-	2	2	1	0	1	0	3	3	.	,	[3, 0]
0x043F	kk-KZ	KZT	₸	,	 	[3, 0]		-	2	2	0	1	0	1	1	1	,	 	[3, 0]
0x0440	ky-KG	KGS	сом	,	 	[3, 0]		-	2	2	0	1	0	1	1	1	,	 	[3, 0]
0x0441	sw-KE	KES	Ksh	.	,	[3, 0]		-	2	2	1	0	1	0	3	3	.	,	[3, 0]
0x0442	tk-TM	TMT	m.	,	 	[3, 0]		-	2	2	0	0	0	0	1	1	,	 	[3, 0]
0x0443	uz-Latn_UZ	UZS	soʻm	,	 	[3, 0]		-	0	0	0	1	0	1	1	1	,	 	[3, 0]
0x0444	tt-RU	RUB	?	,	 	[3, 0]		-	2	2	0	1	0	1	1	1	,	 	[3, 0]
0x0445	bn-IN	INR	₹	.	,	[3, 2, 0]		-	2	2	1	1	1	1	4	4	.	,	[3, 2, 0]
0x0446	pa-IN	INR	₹	.	,	[3, 2, 0]		-	2	2	1	1	1	1	4	4	.	,	[3, 2, 0]
0x0447	gu-IN	INR	₹	.	,	[3, 2, 0]		-	2	2	1	0	1	1	4	4	.	,	[3, 2, 0]
0x0448	or-IN	INR	₹	.	,	[3, 2, 0]		-	2	2	1	1	1	1	4	4	.	,	[3, 2, 0]
0x0449	ta-IN	INR	₹	.	,	[3, 2, 0]		-	2	2	1	1	1	1	4	4	.	,	[3, 2, 0]
0x044A	te-IN	INR	₹	.	,	[3, 2, 0]		-	2	2	1	0	1	1	4	4	.	,	[3, 2, 0]
0x044B	kn-IN	INR	₹	.	,	[3, 2, 0]		-	2	2	1	0	1	1	4	4	.	,	[3, 0]
0x044C	ml-IN	INR	₹	.	,	[3, 0]		-	2	2	1	0	1	0	3	3	.	,	[3, 2, 0]
0x044D	as-IN	INR	₹	.	,	[3, 2, 0]		-	2	2	1	1	1	1	4	4	.	,	[3, 2, 0]
0x044E	mr-IN	INR	₹	`	,	[3, 2, 0]		-	2	2	1	0	1	1	4	4	.	,	[3, 2, 0]
0x044F	sa-IN	INR	₹	.	,	[3, 2, 0]		-	2	2	1	1	1	1	4	4	.	,	[3, 2, 0]
0x0450	mn-MN	MNT	?	.	,	[3, 0]		-	0	0	1	1	1	1	3	3	.	,	[3, 0]
0x0451	bo-CN	CNY	¥	.	,	[3, 0]		-	2	2	1	0	1	0	4	4	.	,	[3, 0]
0x0452	cy-GB	GBP	£	.	,	[3, 0]		-	2	2	1	0	1	0	3	3	.	,	[3, 0]
0x0453	km-KH	KHR	៛	.	,	[3, 0]		-	2	2	0	0	0	0	1	1	.	,	[3, 0]
0x0454	lo-LA	LAK	₭	,	.	[3, 0]		-	0	0	1	0	1	0	4	4	,	.	[3, 0]
0x0455	my-MM	MMK	K	.	,	[3, 0]		-	0	0	0	1	0	1	1	1	.	,	[3, 0]
0x0456	gl-ES	EUR	€	,	.	[3, 0]		-	2	2	0	1	0	1	1	1	,	.	[3, 0]
0x0457	kok-IN	INR	₹	.	,	[3, 2, 0]		-	2	2	1	1	1	1	4	4	.	,	[3, 2, 0]
0x045A	syr-SY	SYP	ܠ.ܣ.‏	.	,	[3, 0]		-	2	2	0	1	0	1	1	1	.	,	[3, 0]
0x045B	si-LK	LKR	රු.	.	,	[3, 0]		-	2	2	1	0	1	0	3	3	.	,	[3, 0]
0x045C	chr-Cher_US	USD	$	.	,	[3, 0]		-	2	2	1	0	1	0	3	3	.	,	[3, 0]
0x045D	iu-Cans_CA	CAD	$	.	,	[3, 0]		-	2	2	1	0	1	0	3	3	.	,	[3, 0]
0x045E	am-ET	ETB	ብር	.	,	[3, 0]		-	2	2	1	0	1	0	3	3	.	,	[3, 0]
0x0460	ks-Arab	INR	₹	.	,	[3, 2, 0]		-	2	2	1	1	1	1	3	3	.	,	[3, 2, 0]
0x0461	ne-NP	NPR	रु	.	,	[3, 0]		-	2	2	1	1	1	1	3	3	.	,	[3, 0]
0x0462	fy-NL	EUR	€	,	.	[3, 0]		-	2	2	1	1	1	1	2	2	,	.	[3, 0]
0x0463	ps-AF	AFN	؋	,	.	[3, 0]		-	0	0	0	1	0	1	1	1	,	.	[3, 0]
0x0464	fil-PH	PHP	?	.	,	[3, 0]		-	2	2	1	0	1	0	3	3	.	,	[3, 0]
0x0465	dv-MV	MVR	ރ.	.	,	[3, 0]		-	2	2	0	1	0	1	4	4	.	,	[3, 0]
0x0468	ha-Latn_NG	NGN	₦	.	,	[3, 0]		-	2	2	1	1	1	1	3	3	.	,	[3, 0]
0x046A	yo-NG	NGN	?	.	,	[3, 0]		-	2	2	1	0	1	0	3	3	.	,	[3, 0]
0x046B	quz-BO	BOB	Bs.	,	.	[3, 0]		-	2	2	1	1	1	1	3	0	,	.	[3, 0]
0x046C	nso-ZA	ZAR	R	.	 	[3, 0]		-	2	2	1	1	1	1	3	3	.	 	[3, 0]
0x046D	ba-RU	RUB	?	,	 	[3, 0]		-	2	2	0	1	0	1	1	1	,	 	[3, 0]
0x046E	lb-LU	EUR	€	,	 	[3, 0]		-	2	2	0	1	0	1	1	1	,	 	[3, 0]
0x046F	kl-GL	DKK	kr.	,	.	[3, 0]		-	2	2	1	0	1	1	4	4	,	.	[3, 0]
0x0470	ig-NG	NGN	?	.	,	[3, 0]		-	2	2	1	0	1	0	3	3	.	,	[3, 0]
0x0472	om-ET	ETB	Br	.	,	[3, 0]		-	2	2	1	0	1	0	3	3	.	,	[3, 0]
0x0473	ti-ET	ETB	Br	.	,	[3, 0]		-	2	2	1	0	1	0	3	3	.	,	[3, 0]
0x0474	gn-PY	PYG	?	,	.	[3, 0]		-	0	0	0	1	0	1	1	1	,	.	[3, 0]
0x0475	haw-US	USD	$	.	,	[3, 0]		-	2	2	1	0	1	0	3	3	.	,	[3, 0]
0x0477	so-SO	SOS	S	.	,	[3, 0]		-	0	0	1	0	1	0	3	3	.	,	[3, 0]
0x0478	ii-CN	CNY	¥	.	,	[3, 0]		-	2	2	1	0	1	0	4	4	.	,	[3, 0]
0x047A	arn-CL	CLP	$	,	.	[3, 0]		-	2	2	1	1	1	1	3	3	,	.	[3, 0]
0x047C	moh-CA	CAD	$	.	,	[3, 0]		-	2	2	1	0	1	0	3	3	.	,	[3, 0]
0x047E	br-FR	EUR	€	,	 	[3, 0]		-	2	2	0	1	0	1	1	1	,	 	[3, 0]
0x0480	ug-CN	CNY	¥	.	,	[3, 0]		-	2	2	1	0	1	0	4	4	.	,	[3, 0]
0x0481	mi-NZ	NZD	$	.	,	[3, 0]		-	2	2	1	0	1	0	3	3	.	,	[3, 0]
0x0482	oc-FR	EUR	€	,	 	[3, 0]		-	2	2	0	1	0	1	1	1	,	 	[3, 0]
0x0483	co-FR	EUR	€	,	 	[3, 0]		-	2	2	0	1	0	1	1	1	,	 	[3, 0]
0x0484	gsw-FR	EUR	€	,	 	[3, 0]		-	2	2	0	1	0	1	1	1	,	 	[3, 0]
0x0485	sah-RU	RUB	?	,	 	[3, 0]		-	2	2	0	1	0	1	1	1	,	 	[3, 0]
0x0486	qut-GT	GTQ	Q	.	,	[3, 0]		-	2	2	1	0	1	0	3	3	.	,	[3, 0]
0x0487	rw-RW	RWF	RF	,	.	[3, 0]		-	0	0	1	1	1	1	3	3	,	.	[3, 0]
0x0488	wo-SN	XOF	CFA	,	 	[3, 0]		-	2	2	0	1	0	1	1	1	,	 	[3, 0]
0x048C	prs-AF	AFN	?	.	,	[3, 0]		-	2	2	1	0	1	0	2	2	,	.	[3, 0]
0x0491	gd-GB	GBP	£	.	,	[3, 0]		-	2	2	1	0	1	0	3	3	.	,	[3, 0]
0x0492	ku-Arab_IQ	IQD	د.ع.‏	.	,	[3, 0]		-	2	2	1	0	1	0	4	4	.	,	[3, 0]
0x0501	qps-ploc	USD	$	.	,,	[4, 0]	++	-	3	3	1	0	1	0	3	3	.	,,	[4, 0]
0x05FE	qps-ploca	JPY	\	.	,	[3, 0]		-	0	0	1	0	1	0	3	3	.	,	[3, 0]
0x0801	ar-IQ	IQD	د.ع.‏	.	,	[3, 0]		-	2	2	0	1	0	1	1	1	.	,	[3, 0]
0x0803	ca-ES_valencia	EUR	€	,	.	[3, 0]		-	2	2	0	1	0	1	1	1	,	.	[3, 0]
0x0804	zh-CN	CNY	￥	.	,	[3, 0]		-	2	2	1	0	1	0	4	4	.	,	[3, 0]
0x0807	de-CH	CHF	CHF	.	’	[3, 0]		-	2	2	1	1	1	0	4	4	.	’	[3, 0]
0x0809	en-GB	GBP	£	.	,	[3, 0]		-	2	2	1	0	1	0	3	3	.	,	[3, 0]
0x080A	es-MX	MXN	$	.	,	[3, 0]		-	2	2	1	0	1	0	3	3	.	,	[3, 0]
0x080C	fr-BE	EUR	€	,	.	[3, 0]		-	2	2	0	1	0	1	1	1	,	.	[3, 0]
0x0810	it-CH	CHF	CHF	.	’	[3, 0]		-	2	2	1	1	1	0	4	4	.	’	[3, 0]
0x0813	nl-BE	EUR	€	,	.	[3, 0]		-	2	2	0	1	0	1	1	1	,	.	[3, 0]
0x0814	nn-NO	NOK	kr	,	 	[3, 0]		-	2	2	0	1	0	1	1	1	,	 	[3, 0]
0x0816	pt-PT	EUR	€	,	 	[3, 0]		-	2	2	0	1	0	1	1	1	,	 	[3, 0]
0x0818	ro-MD	MDL	L	,	.	[3, 0]		-	2	2	0	1	0	1	1	1	,	.	[3, 0]
0x0819	ru-MD	MDL	L	,	 	[3, 0]		-	2	2	0	1	0	1	1	1	,	 	[3, 0]
0x081A	sr-Latn_CS	RSD	RSD	,	.	[3, 0]		-	0	0	0	1	0	1	1	1	,	.	[3, 0]
0x081D	sv-FI	EUR	€	,	 	[3, 0]		-	2	2	0	1	0	1	1	1	,	 	[3, 0]
0x0820	ur-IN	INR	?	.	,	[3, 2, 0]		-	2	2	1	0	1	0	3	3	.	,	[3, 0]
0x082C	az-Cyrl_AZ	AZN	₼	,	 	[3, 0]		-	2	2	0	1	0	1	1	1	,	 	[3, 0]
0x082E	dsb-DE	EUR	€	,	.	[3, 0]		-	2	2	0	1	0	1	1	1	,	.	[3, 0]
0x0832	tn-BW	BWP	P	.	 	[3, 0]		-	2	2	1	0	1	0	3	3	.	 	[3, 0]
0x083B	se-SE	SEK	kr	,	.	[3, 0]		-	2	2	0	1	0	1	1	1	,	 	[3, 0]
0x083C	ga-IE	EUR	€	.	,	[3, 0]		-	2	2	1	0	1	0	3	3	.	,	[3, 0]
0x083E	ms-BN	BND	$	,	.	[3, 0]		-	2	2	1	1	1	1	3	3	,	.	[3, 0]
0x0843	uz-Cyrl_UZ	UZS	сўм	,	 	[3, 0]		-	0	0	0	1	0	1	1	1	,	 	[3, 0]
0x0845	bn-BD	BDT	৳	.	,	[3, 2, 0]		-	2	2	0	0	0	0	1	1	.	,	[3, 2, 0]
0x0846	pa-Arab_PK	PKR	Rs	.	,	[3, 0]		-	2	2	1	1	1	1	3	3	.	,	[3, 0]
0x0849	ta-LK	LKR	Rs.	.	,	[3, 2, 0]		-	2	2	1	1	1	1	3	3	.	,	[3, 2, 0]
0x0850	mn-Mong_CN	CNY	¥	.	,	[3, 0]		-	2	2	1	0	1	0	4	4	.	,	[3, 0]
0x0859	sd-Arab_PK	PKR	Rs	.	,	[3, 0]		-	2	2	1	1	1	1	3	3	.	,	[3, 0]
0x085D	iu-Latn_CA	CAD	$	.	,	[3, 0]		-	2	2	1	0	1	0	3	3	.	,	[3, 0]
0x085F	tzm-Latn_DZ	DZD	DA	,	 	[3, 0]		-	2	2	0	1	0	1	1	1	,	 	[3, 0]
0x0861	ne-IN	INR	₹	.	,	[3, 0]		-	2	2	1	1	1	1	3	3	.	,	[3, 0]
0x0867	ff-Latn_SN	XOF	CFA	,	 	[3, 0]		-	2	2	0	1	0	1	1	1	,	 	[3, 0]
0x086B	quz-EC	USD	$	,	.	[3, 0]		-	2	2	1	1	1	1	4	4	,	.	[3, 0]
0x0873	ti-ER	ERN	Nfk	.	,	[3, 0]		-	2	2	1	0	1	0	3	3	.	,	[3, 0]
0x09FF	qps-plocm	SAR	ر.س.‏	.	,	[3, 0]		-	2	2	1	1	1	0	2	2	.	,	[3, 0]
0x0C01	ar-EG	EGP	ج.م.‏	.	,	[3, 0]		-	2	2	0	1	0	1	1	1	.	,	[3, 0]
0x0C04	zh-HK	HKD	HK$	.	,	[3, 0]		-	2	2	1	0	1	0	3	0	.	,	[3, 0]
0x0C07	de-AT	EUR	€	,	.	[3, 0]		-	2	2	1	1	1	1	3	3	,	 	[3, 0]
0x0C09	en-AU	AUD	$	.	,	[3, 0]		-	2	2	1	0	1	0	3	3	.	,	[3, 0]
0x0C0A	es-ES	EUR	€	,	.	[3, 0]		-	2	2	0	1	0	1	1	1	,	.	[3, 0]
0x0C0C	fr-CA	CAD	$	,	 	[3, 0]		-	2	2	0	1	0	1	1	0	,	 	[3, 0]
0x0C1A	sr-Cyrl_CS	RSD	дин.	,	.	[3, 0]		-	2	2	0	1	0	1	1	1	,	.	[3, 0]
0x0C3B	se-FI	EUR	€	,	 	[3, 0]		-	2	2	0	1	0	1	1	1	,	 	[3, 0]
0x0C50	mn-Mong_MN	CNY	¥	.	,	[3, 0]		-	2	2	1	0	1	0	4	4	.	,	[3, 0]
0x0C51	dz-BT	BTN	Nu.	.	,	[3, 2, 0]		-	2	2	1	0	1	0	3	3	.	,	[3, 2, 0]
0x0C6b	quz-PE	PEN	S/	.	,	[3, 0]		-	2	2	1	1	1	1	4	4	.	,	[3, 0]
0x1001	ar-LY	LYD	د.ل.‏	.	,	[3, 0]		-	3	3	0	1	0	1	1	1	.	,	[3, 0]
0x1004	zh-SG	SGD	$	.	,	[3, 0]		-	2	2	1	0	1	0	3	3	.	,	[3, 0]
0x1007	de-LU	EUR	€	,	.	[3, 0]		-	2	2	0	1	0	1	1	1	,	.	[3, 0]
0x1009	en-CA	CAD	$	.	,	[3, 0]		-	2	2	1	0	1	0	3	3	.	,	[3, 0]
0x100A	es-GT	GTQ	Q	.	,	[3, 0]		-	2	2	1	0	1	0	3	3	.	,	[3, 0]
0x100C	fr-CH	CHF	CHF	.	 	[3, 0]		-	2	2	0	1	0	1	1	1	,	 	[3, 0]
0x101A	hr-BA	BAM	KM	,	.	[3, 0]		-	2	2	0	1	0	1	1	1	,	.	[3, 0]
0x103B	smj-NO	NOK	kr	,	 	[3, 0]		-	2	2	1	1	1	1	4	4	,	 	[3, 0]
0x105F	tzm-Tfng_MA	MAD	ⴷⵔ	,	 	[3, 0]		-	2	2	0	1	0	1	1	1	,	 	[3, 0]
0x1401	ar-DZ	DZD	د.ج.‏	.	,	[3, 0]		-	2	2	0	1	0	1	1	1	.	,	[3, 0]
0x1404	zh-MO	MOP	MOP	.	,	[3, 0]		-	2	2	1	0	1	0	3	3	.	,	[3, 0]
0x1407	de-LI	CHF	CHF	.	’	[3, 0]		-	2	2	1	1	1	1	3	3	.	’	[3, 0]
0x1409	en-NZ	NZD	$	.	,	[3, 0]		-	2	2	1	0	1	0	3	3	.	,	[3, 0]
0x140A	es-CR	CRC	¢	,	 	[3, 0]		-	2	2	1	0	1	0	3	3	,	 	[3, 0]
0x140C	fr-LU	EUR	€	,	.	[3, 0]		-	2	2	0	1	0	1	1	1	,	.	[3, 0]
0x141A	bs-Latn_BA	BAM	KM	,	.	[3, 0]		-	2	2	0	1	0	1	1	1	,	.	[3, 0]
0x143B	smj-SE	SEK	kr	,	.	[3, 0]		-	2	2	0	1	0	1	1	1	,	 	[3, 0]
0x1801	ar-MA	MAD	د.م.‏	.	,	[3, 0]		-	2	2	0	1	0	1	1	1	.	,	[3, 0]
0x1809	en-IE	EUR	€	.	,	[3, 0]		-	2	2	1	0	1	0	3	3	.	,	[3, 0]
0x180A	es-PA	PAB	B/.	.	,	[3, 0]		-	2	2	1	0	1	0	3	3	.	,	[3, 0]
0x180C	fr-MC	EUR	€	,	 	[3, 0]		-	2	2	0	1	0	1	1	1	,	 	[3, 0]
0x181A	sr-Latn_BA	RSD	RSD	,	.	[3, 0]		-	0	0	0	1	0	1	1	1	,	.	[3, 0]
0x183B	sma-NO	NOK	kr	,	 	[3, 0]		-	2	2	1	1	1	1	4	4	,	 	[3, 0]
0x1C01	ar-TN	TND	د.ت.‏	.	,	[3, 0]		-	3	3	0	1	0	1	1	1	.	,	[3, 0]
0x1C09	en-ZA	ZAR	R	,	 	[3, 0]		-	2	2	1	0	1	0	3	3	,	 	[3, 0]
0x1C0A	es-DO	DOP	$	.	,	[3, 0]		-	2	2	1	0	1	0	3	0	.	,	[3, 0]
0x1C1A	sr-Cyrl_BA	RSD	дин.	,	.	[3, 0]		-	2	2	0	1	0	1	1	1	,	.	[3, 0]
0x1C3B	sma-SE	SEK	kr	,	.	[3, 0]		-	2	2	0	1	0	1	1	1	,	 	[3, 0]
0x2001	ar-OM	OMR	ر.ع.‏	.	,	[3, 0]		-	3	3	0	1	0	1	1	1	.	,	[3, 0]
0x2009	en-JM	JMD	$	.	,	[3, 0]		-	2	2	1	0	1	0	3	3	.	,	[3, 0]
0x200A	es-VE	VES	Bs.S	,	.	[3, 0]		-	2	2	1	0	1	0	4	4	,	.	[3, 0]
0x200C	fr-RE	EUR	€	,	 	[3, 0]		-	2	2	0	1	0	1	1	1	,	 	[3, 0]
0x201A	bs-Cyrl_BA	BAM	КМ	,	.	[3, 0]		-	2	2	0	1	0	1	1	1	,	.	[3, 0]
0x203B	sms-FI	EUR	€	,	 	[3, 0]		-	2	2	0	1	0	1	1	1	,	 	[3, 0]
0x2401	ar-YE	YER	ر.ي.‏	.	,	[3, 0]		-	2	2	0	1	0	1	1	1	.	,	[3, 0]
0x2409	en-029	XCD	EC$	.	,	[3, 0]		-	2	2	1	0	1	0	3	3	.	,	[3, 0]
0x240A	es-CO	COP	$	,	.	[3, 0]		-	0	0	1	1	1	1	3	3	,	.	[3, 0]
0x240C	fr-CD	CDF	FC	,	 	[3, 0]		-	2	2	0	1	0	1	1	1	,	 	[3, 0]
0x241A	sr-Latn_RS	RSD	RSD	,	.	[3, 0]		-	0	0	0	1	0	1	1	1	,	.	[3, 0]
0x243B	smn-FI	EUR	€	,	 	[3, 0]		-	2	2	0	1	0	1	1	1	,	 	[3, 0]
0x2801	ar-SY	SYP	ل.س.‏	.	,	[3, 0]		-	2	2	0	1	0	1	1	1	.	,	[3, 0]
0x2809	en-BZ	BZD	$	.	,	[3, 0]		-	2	2	1	0	1	0	3	3	.	,	[3, 0]
0x280A	es-PE	PEN	S/	.	,	[3, 0]		-	2	2	1	0	1	0	3	3	.	,	[3, 0]
0x280C	fr-SN	XOF	CFA	,	 	[3, 0]		-	0	0	0	1	0	1	1	1	,	 	[3, 0]
0x281A	sr-Cyrl_RS	RSD	дин.	,	.	[3, 0]		-	2	2	0	1	0	1	1	1	,	.	[3, 0]
0x2C01	ar-JO	JOD	د.ا.‏	.	,	[3, 0]		-	3	3	0	1	0	1	1	1	.	,	[3, 0]
0x2C09	en-TT	TTD	$	.	,	[3, 0]		-	2	2	1	0	1	0	3	3	.	,	[3, 0]
0x2C0A	es-AR	ARS	$	,	.	[3, 0]		-	2	2	1	1	1	1	3	3	,	.	[3, 0]
0x2C0C	fr-CM	XAF	FCFA	,	 	[3, 0]		-	0	0	0	1	0	1	1	1	,	 	[3, 0]
0x2C1A	sr-Latn_ME	RSD	RSD	,	.	[3, 0]		-	0	0	0	1	0	1	1	1	,	.	[3, 0]
0x3001	ar-LB	LBP	ل.ل.‏	.	,	[3, 0]		-	2	2	0	1	0	1	1	1	.	,	[3, 0]
0x3009	en-ZW	USD	US$	.	,	[3, 0]		-	2	2	1	0	1	0	3	3	.	,	[3, 0]
0x300A	es-EC	USD	$	,	.	[3, 0]		-	2	2	1	0	1	0	4	4	,	.	[3, 0]
0x300C	fr-CI	XOF	CFA	,	 	[3, 0]		-	0	0	0	1	0	1	1	1	,	 	[3, 0]
0x301A	sr-Cyrl_ME	RSD	дин.	,	.	[3, 0]		-	2	2	0	1	0	1	1	1	,	.	[3, 0]
0x3401	ar-KW	KWD	د.ك.‏	.	,	[3, 0]		-	3	3	0	1	0	1	1	1	.	,	[3, 0]
0x3409	en-PH	PHP	?	.	,	[3, 0]		-	2	2	1	0	1	0	3	3	.	,	[3, 0]
0x340A	es-CL	CLP	$	,	.	[3, 0]		-	0	0	1	0	1	0	4	4	,	.	[3, 0]
0x340C	fr-ML	XOF	CFA	,	 	[3, 0]		-	0	0	0	1	0	1	1	1	,	 	[3, 0]
0x3801	ar-AE	AED	د.إ.‏	.	,	[3, 0]		-	2	2	0	1	0	1	1	1	.	,	[3, 0]
0x380A	es-UY	UYU	$	,	.	[3, 0]		-	2	2	1	1	1	1	3	3	,	.	[3, 0]
0x380C	fr-MA	MAD	DH	,	.	[3, 0]		-	2	2	0	1	0	1	1	1	,	.	[3, 0]
0x3c01	ar-BH	BHD	د.ب.‏	.	,	[3, 0]		-	3	3	0	1	0	1	1	1	.	,	[3, 0]
0x3c09	en-HK	HKD	$	.	,	[3, 0]		-	2	2	1	0	1	0	3	3	.	,	[3, 0]
0x3c0A	es-PY	PYG	?	,	.	[3, 0]		-	0	0	1	1	1	1	4	4	,	.	[3, 0]
0x3c0C	fr-HT	HTG	G	,	 	[3, 0]		-	2	2	0	1	0	1	1	1	,	 	[3, 0]
0x4001	ar-QA	QAR	ر.ق.‏	.	,	[3, 0]		-	2	2	0	1	0	1	1	1	.	,	[3, 0]
0x4009	en-IN	INR	?	.	,	[3, 2, 0]		-	2	2	1	1	1	1	4	4	.	,	[3, 2, 0]
0x400A	es-BO	BOB	Bs	,	.	[3, 0]		-	2	2	1	0	1	0	3	3	,	.	[3, 0]
0x4409	en-MY	MYR	RM	.	,	[3, 0]		-	2	2	1	0	1	0	3	3	.	,	[3, 0]
0x440A	es-SV	USD	$	.	,	[3, 0]		-	2	2	1	0	1	0	3	3	.	,	[3, 0]
0x4809	en-SG	SGD	$	.	,	[3, 0]		-	2	2	1	0	1	0	3	3	.	,	[3, 0]
0x480A	es-HN	HNL	L	.	,	[3, 0]		-	2	2	1	0	1	0	3	3	.	,	[3, 0]
0x4C09	en-AE	AED	?.?.?	.	,	[3, 0]		-	2	2	1	0	1	0	3	0	.	,	[3, 0]
0x4C0A	es-NI	NIO	C$	.	,	[3, 0]		-	2	2	1	0	1	0	3	3	.	,	[3, 0]
0x500A	es-PR	USD	$	.	,	[3, 0]		-	2	2	1	0	1	0	3	3	.	,	[3, 0]
0x540A	es-US	USD	$	.	,	[3, 0]		-	2	2	1	0	1	0	3	0	.	,	[3, 0]
0x580A	es-419	XDR	XDR	.	,	[3, 0]		-	2	2	1	0	1	0	3	3	.	,	[3, 0]
0x5C0A	es-CU	CUP	$	.	,	[3, 0]		-	2	2	1	0	1	0	3	3	.	,	[3, 0]
0x641A	bs-Cyrl	BAM	КМ	,	.	[3, 0]		-	2	2	0	1	0	1	1	1	,	.	[3, 0]
0x681A	bs-Latn	BAM	KM	,	.	[3, 0]		-	2	2	0	1	0	1	1	1	,	.	[3, 0]
0x6C1A	sr-Cyrl	RSD	дин.	,	.	[3, 0]		-	2	2	0	1	0	1	1	1	,	.	[3, 0]
0x701A	sr-Latn	RSD	RSD	,	.	[3, 0]		-	0	0	0	1	0	1	1	1	,	.	[3, 0]
0x703B	smn	EUR	€	,	 	[3, 0]		-	2	2	0	1	0	1	1	1	,	 	[3, 0]
0x742C	az-Cyrl	AZN	?	,	 	[3, 0]		-	2	2	0	1	0	1	1	1	,	 	[3, 0]
0x743B	sms	EUR	€	,	 	[3, 0]		-	2	2	0	1	0	1	1	1	,	 	[3, 0]
0x7804	zh	CNY	￥	.	,	[3, 0]		-	2	2	1	0	1	0	4	4	.	,	[3, 0]
0x7814	nn	NOK	kr	,	 	[3, 0]		-	2	2	0	1	0	1	1	1	,	 	[3, 0]
0x781A	bs	BAM	KM	,	.	[3, 0]		-	2	2	0	1	0	1	1	1	,	.	[3, 0]
0x782C	az-Latn	AZN	?	,	.	[3, 0]		-	2	2	1	1	1	1	3	3	,	.	[3, 0]
0x783B	sma	NOK	kr	,	 	[3, 0]		-	2	2	1	1	1	1	4	4	,	 	[3, 0]
0x7843	uz-Cyrl	UZS	сўм	,	 	[3, 0]		-	0	0	0	1	0	1	1	1	,	 	[3, 0]
0x7850	mn-Cyrl	MNT	?	.	,	[3, 0]		-	0	0	1	1	1	1	3	3	.	,	[3, 0]
0x785D	iu-Cans	CAD	$	.	,	[3, 0]		-	2	2	1	0	1	0	3	3	.	,	[3, 0]
0x785F	tzm-Tfng	MAD	ⴷⵔ	,	 	[3, 0]		-	2	2	0	1	0	1	1	1	,	 	[3, 0]
0x7C04	zh-Hant	HKD	HK$	.	,	[3, 0]		-	2	2	1	0	1	0	3	0	.	,	[3, 0]
0x7C14	nb	NOK	kr	,	 	[3, 0]		-	2	2	1	1	1	1	3	3	,	 	[3, 0]
0x7C1A	sr	RSD	RSD	,	.	[3, 0]		-	0	0	0	1	0	1	1	1	,	.	[3, 0]
0x7C28	tg-Cyrl	TJS	смн	,	 	[3, 0]		-	2	2	0	1	0	1	1	1	,	 	[3, 0]
0x7C2E	dsb	EUR	€	,	.	[3, 0]		-	2	2	0	1	0	1	1	1	,	.	[3, 0]
0x7C3B	smj	NOK	kr	,	 	[3, 0]		-	2	2	1	1	1	1	4	4	,	 	[3, 0]
0x7C43	uz-Latn	UZS	so‘m	,	 	[3, 0]		-	0	0	0	1	0	1	1	1	,	 	[3, 0]
0x7C46	pa-Arab	PKR	Rs	.	,	[3, 0]		-	2	2	1	1	1	1	3	3	.	,	[3, 0]
0x7C50	mn-Mong	CNY	¥	.	,	[3, 0]		-	2	2	1	0	1	0	4	4	.	,	[3, 0]
0x7C59	sd-Arab	PKR	Rs	.	,	[3, 0]		-	2	2	1	1	1	1	3	3	.	,	[3, 0]
0x7C5C	chr-Cher	USD	$	.	,	[3, 0]		-	2	2	1	0	1	0	3	3	.	,	[3, 0]
0x7C5D	iu-Latn	CAD	$	.	,	[3, 0]		-	2	2	1	0	1	0	3	3	.	,	[3, 0]
0x7C5F	tzm-Latn	DZD	DA	,	 	[3, 0]		-	2	2	0	1	0	1	1	1	,	 	[3, 0]
0x7C67	ff-Latn	XOF	CFA	,	 	[3, 0]		-	2	2	0	1	0	1	1	1	,	 	[3, 0]
0x7C68	ha-Latn	NGN	?	.	,	[3, 0]		-	2	2	1	1	1	1	3	3	.	,	[3, 0]
0x7C92	ku-Arab	IQD	د.ع.‏	.	,	[3, 0]		-	2	2	1	0	1	0	4	4	.	,	[3, 0]
0xFC19	ru-RU	RUB	?	,	 	[3, 0]		-	2	2	0	1	0	1	1	1	,	 	[3, 0]
0xFC22	uk-UA	UAH	?	,	 	[3, 0]		-	2	2	0	1	0	1	1	1	,	 	[3, 0]
0xFC23	be-BY	BYN	Br	,	 	[3, 0]		-	2	2	0	1	0	1	1	1	,	 	[3, 0]
